"country","iso2","iso3","region","subregion"
"Algeria","DZ","DZA","Africa","Africa"
"Angola","AO","AGO","Africa","Africa"
"Benin","BJ","BEN","Africa","Africa"
"Botswana","BW","BWA","Africa","Africa"
"Burkina Faso","BF","BFA","Africa","Africa"
"Burundi","BI","BDI","Africa","Africa"
"Cameroon","CM","CMR","Africa","Africa"
"Cape Verde","CV","CPV","Africa","Africa"
"Central African Republic","CF","CAF","Africa","Africa"
"Chad","TD","TCD","Africa","Africa"
"Comoros","KM","COM","Africa","Africa"
"Congo","CG","COG","Africa","Africa"
"Congo, Democratic Republic of the","CD","COD","Africa","Africa"
"Cote d'Ivoire","CI","CIV","Africa","Africa"
"Equatorial Guinea","GQ","GNQ","Africa","Africa"
"Eritrea","ER","ERI","Africa","Africa"
"Ethiopia","ET","ETH","Africa","Africa"
"French Southern Territories","TF","ATF","Africa","Africa"
"Gabon","GA","GAB","Africa","Africa"
"Gambia, The","GM","GMB","Africa","Africa"
"Ghana","GH","GHA","Africa","Africa"
"Guinea","GN","GIN","Africa","Africa"
"Guinea-Bissau","GW","GNB","Africa","Africa"
"Kenya","KE","KEN","Africa","Africa"
"Lesotho","LS","LSO","Africa","Africa"
"Liberia","LR","LBR","Africa","Africa"
"Libya","LY","LBY","Africa","Africa"
"Madagascar","MG","MDG","Africa","Africa"
"Malawi","MW","MWI","Africa","Africa"
"Mali","ML","MLI","Africa","Africa"
"Mauritania","MR","MRT","Africa","Africa"
"Mauritius","MU","MUS","Africa","Africa"
"Mayotte","YT","MYT","Africa","Africa"
"Morocco","MA","MAR","Africa","Africa"
"Mozambique","MZ","MOZ","Africa","Africa"
"Namibia","NA","NAM","Africa","Africa"
"Niger","NE","NER","Africa","Africa"
"Nigeria","NG","NGA","Africa","Africa"
"Reunion","RE","REU","Africa","Africa"
"Rwanda","RW","RWA","Africa","Africa"
"Saint Helena, Ascension and Tristan da Cunha","SH","SHN","Africa","Africa"
"Sao Tome and Principe","ST","STP","Africa","Africa"
"Senegal","SN","SEN","Africa","Africa"
"Seychelles","SC","SYC","Africa","Africa"
"Sierra Leone","SL","SLE","Africa","Africa"
"Somalia","SO","SOM","Africa","Africa"
"South Africa","ZA","ZAF","Africa","Africa"
"South Sudan","SS","SSD","Africa","Africa"
"Sudan","SD","SDN","Africa","Africa"
"Swaziland","SZ","SWZ","Africa","Africa"
"Tanzania, United Republic of","TZ","TZA","Africa","Africa"
"Togo","TG","TGO","Africa","Africa"
"Tunisia","TN","TUN","Africa","Africa"
"Uganda","UG","UGA","Africa","Africa"
"Western Sahara","EH","ESH","Africa","Africa"
"Zambia","ZM","ZMB","Africa","Africa"
"Zimbabwe","ZW","ZWE","Africa","Africa"
"Kyrgyzstan","KG","KGZ","Asia","Central Asia"
"Tajikistan","TJ","TJK","Asia","Central Asia"
"Turkmenistan","TM","TKM","Asia","Central Asia"
"Bhutan","BT","BTN","Asia","East Asia"
"China","CN","CHN","Asia","East Asia"
"Hong Kong","HK","HKG","Asia","East Asia"
"Japan","JP","JPN","Asia","East Asia"
"Korea","KR","KOR","Asia","East Asia"
"Korea, North","KP","PRK","Asia","East Asia"
"Korea, South","KR","KOR","Asia","East Asia"
"Macau","MO","MAC","Asia","East Asia"
"Mongolia","MN","MNG","Asia","East Asia"
"Nepal","NP","NPL","Asia","East Asia"
"South Korea","KR","KOR","Asia","East Asia"
"Taiwan","TW","TWN","Asia","East Asia"
"Bangladesh","BD","BGD","Asia","South Asia"
"British Indian Ocean Territory","IO","IOT","Asia","South Asia"
"India","IN","IND","Asia","South Asia"
"Maldives","MV","MDV","Asia","South Asia"
"Sri Lanka","LK","LKA","Asia","South Asia"
"Brunei","BN","BRN","Asia","South East Asia"
"Burma","MM","MMR","Asia","South East Asia"
"Cambodia","KH","KHM","Asia","South East Asia"
"Indonesia","ID","IDN","Asia","South East Asia"
"Laos","LA","LAO","Asia","South East Asia"
"Malaysia","MY","MYS","Asia","South East Asia"
"Myanmar","MM","MMR","Asia","South East Asia"
"Philippines","PH","PHL","Asia","South East Asia"
"Singapore","SG","SGP","Asia","South East Asia"
"Thailand","TH","THA","Asia","South East Asia"
"Timor-Leste","TL","TLS","Asia","South East Asia"
"Vietnam","VN","VNM","Asia","South East Asia"
"Albania","AL","ALB","Europe","Eastern Europe"
"Armenia","AM","ARM","Europe","Eastern Europe"
"Azerbaijan","AZ","AZE","Europe","Eastern Europe"
"Belarus","BY","BLR","Europe","Eastern Europe"
"Bosnia and Herzegovina","BA","BIH","Europe","Eastern Europe"
"Bulgaria","BG","BGR","Europe","Eastern Europe"
"Croatia","HR","HRV","Europe","Eastern Europe"
"Cyprus","CY","CYP","Europe","Eastern Europe"
"Czech Republic","CZ","CZE","Europe","Eastern Europe"
"Czechia","CZ","CZE","Europe","Eastern Europe"
"Georgia","GE","GEO","Europe","Eastern Europe"
"Greece","GR","GRC","Europe","Eastern Europe"
"Hungary","HU","HUN","Europe","Eastern Europe"
"Kosovo",<NA>,<NA>,"Europe","Eastern Europe"
"Macedonia","MK","MKD","Europe","Eastern Europe"
"Moldova","MD","MDA","Europe","Eastern Europe"
"Montenegro","ME","MNE","Europe","Eastern Europe"
"Poland","PL","POL","Europe","Eastern Europe"
"Romania","RO","ROU","Europe","Eastern Europe"
"Russia","RU","RUS","Europe","Eastern Europe"
"Serbia","RS","SRB","Europe","Eastern Europe"
"Slovakia","SK","SVK","Europe","Eastern Europe"
"Slovenia","SI","SVN","Europe","Eastern Europe"
"Turkey","TR","TUR","Europe","Eastern Europe"
"Ukraine","UA","UKR","Europe","Eastern Europe"
"Denmark","DK","DNK","Europe","Northern Europe"
"Estonia","EE","EST","Europe","Northern Europe"
"Finland","FI","FIN","Europe","Northern Europe"
"Greenland","GL","GRL","Europe","Northern Europe"
"Iceland","IS","ISL","Europe","Northern Europe"
"Latvia","LV","LVA","Europe","Northern Europe"
"Lithuania","LT","LTU","Europe","Northern Europe"
"Norway","NO","NOR","Europe","Northern Europe"
"Svalbard and Jan Mayen","SJ","SJM","Europe","Northern Europe"
"Sweden","SE","SWE","Europe","Northern Europe"
"Åland Islands","AX","ALA","Europe","Northern Europe"
"Andorra","AD","AND","Europe","Western Europe"
"Austria","AT","AUT","Europe","Western Europe"
"Belgium","BE","BEL","Europe","Western Europe"
"Faroe Islands","FO","FRO","Europe","Western Europe"
"France","FR","FRA","Europe","Western Europe"
"France, Metropolitan","FR","FRA","Europe","Western Europe"
"Germany","DE","DEU","Europe","Western Europe"
"Gibraltar","GI","GIB","Europe","Western Europe"
"Guernsey","GG","GGY","Europe","Western Europe"
"Holy See (Vatican City)","VA","VAT","Europe","Western Europe"
"Ireland","IE","IRL","Europe","Western Europe"
"Isle of Man","IM","IMN","Europe","Western Europe"
"Italy","IT","ITA","Europe","Western Europe"
"Jersey","JE","JEY","Europe","Western Europe"
"Liechtenstein","LI","LIE","Europe","Western Europe"
"Luxembourg","LU","LUX","Europe","Western Europe"
"Malta","MT","MLT","Europe","Western Europe"
"Monaco","MC","MCO","Europe","Western Europe"
"Netherlands","NL","NLD","Europe","Western Europe"
"Portugal","PT","PRT","Europe","Western Europe"
"San Marino","SM","SMR","Europe","Western Europe"
"Spain","ES","ESP","Europe","Western Europe"
"Switzerland","CH","CHE","Europe","Western Europe"
"United Kingdom","GB","GBR","Europe","Western Europe"
"Virgin Islands","VI","VIR","Europe","Western Europe"
"Afghanistan","AF","AFG","Middle East","Middle East"
"Bahrain","BH","BHR","Middle East","Middle East"
"Djibouti","DJ","DJI","Middle East","Middle East"
"Egypt","EG","EGY","Middle East","Middle East"
"Gaza Strip","PS","PSE","Middle East","Middle East"
"Iran","IR","IRN","Middle East","Middle East"
"Iraq","IQ","IRQ","Middle East","Middle East"
"Israel","IL","ISR","Middle East","Middle East"
"Jordan","JO","JOR","Middle East","Middle East"
"Kazakhstan","KZ","KAZ","Middle East","Middle East"
"Kuwait","KW","KWT","Middle East","Middle East"
"Lebanon","LB","LBN","Middle East","Middle East"
"Oman","OM","OMN","Middle East","Middle East"
"Pakistan","PK","PAK","Middle East","Middle East"
"Qatar","QA","QAT","Middle East","Middle East"
"Saudi Arabia","SA","SAU","Middle East","Middle East"
"Syria","SY","SYR","Middle East","Middle East"
"United Arab Emirates","AE","ARE","Middle East","Middle East"
"Uzbekistan","UZ","UZB","Middle East","Middle East"
"West Bank","PS","PSE","Middle East","Middle East"
"Yemen","YE","YEM","Middle East","Middle East"
"Anguilla","AI","AIA","North America","Caribbean"
"Antigua and Barbuda","AG","ATG","North America","Caribbean"
"Aruba","AW","ABW","North America","Caribbean"
"Bahamas","BS","BHS","North America","Caribbean"
"Barbados","BB","BRB","North America","Caribbean"
"Bonaire, Sint Eustatius and Saba","BQ","BES","North America","Caribbean"
"British Virgin Islands","VG","VGB","North America","Caribbean"
"Cayman Islands","KY","CYM","North America","Caribbean"
"Cuba","CU","CUB","North America","Caribbean"
"Curaçao","CW","CUW","North America","Caribbean"
"Dominica","DM","DMA","North America","Caribbean"
"Dominican Republic","DO","DOM","North America","Caribbean"
"Grenada","GD","GRD","North America","Caribbean"
"Guadeloupe","GP","GLP","North America","Caribbean"
"Haiti","HT","HTI","North America","Caribbean"
"Jamaica","JM","JAM","North America","Caribbean"
"Martinique","MQ","MTQ","North America","Caribbean"
"Montserrat","MS","MSR","North America","Caribbean"
"Puerto Rico","PR","PRI","North America","Caribbean"
"Saint Barthélemy","BL","BLM","North America","Caribbean"
"Saint Kitts and Nevis","KN","KNA","North America","Caribbean"
"Saint Lucia","LC","LCA","North America","Caribbean"
"Saint Martin (French part)","MF","MAF","North America","Caribbean"
"Saint Vincent and the Grenadines","VC","VCT","North America","Caribbean"
"Sint Maarten (Dutch part)","SX","SXM","North America","Caribbean"
"Trinidad and Tobago","TT","TTO","North America","Caribbean"
"Turks and Caicos Islands","TC","TCA","North America","Caribbean"
"Belize","BZ","BLZ","North America","North America"
"Bermuda","BM","BMU","North America","North America"
"Canada","CA","CAN","North America","North America"
"Costa Rica","CR","CRI","North America","North America"
"El Salvador","SV","SLV","North America","North America"
"Honduras","HN","HND","North America","North America"
"Mexico","MX","MEX","North America","North America"
"Nicaragua","NI","NIC","North America","North America"
"Panama","PA","PAN","North America","North America"
"Saint Pierre and Miquelon","PM","SPM","North America","North America"
"United States","US","USA","North America","North America"
"Australia","AU","AUS","Oceania","Australia New Zealand"
"Christmas Island","CX","CXR","Oceania","Australia New Zealand"
"Cocos (Keeling) Islands","CC","CCK","Oceania","Australia New Zealand"
"Heard Island and McDonald Islands","HM","HMD","Oceania","Australia New Zealand"
"New Zealand","NZ","NZL","Oceania","Australia New Zealand"
"Norfolk Island","NF","NFK","Oceania","Australia New Zealand"
"American Samoa","AS","ASM","Oceania","Pacific Islands"
"Cook Islands","CK","COK","Oceania","Pacific Islands"
"Fiji","FJ","FJI","Oceania","Pacific Islands"
"French Polynesia","PF","PYF","Oceania","Pacific Islands"
"Guam","GU","GUM","Oceania","Pacific Islands"
"Kiribati","KI","KIR","Oceania","Pacific Islands"
"Marshall Islands","MH","MHL","Oceania","Pacific Islands"
"Micronesia, Federated States of","FM","FSM","Oceania","Pacific Islands"
"Nauru","NR","NRU","Oceania","Pacific Islands"
"New Caledonia","NC","NCL","Oceania","Pacific Islands"
"Niue","NU","NIU","Oceania","Pacific Islands"
"Northern Mariana Islands","MP","MNP","Oceania","Pacific Islands"
"Palau","PW","PLW","Oceania","Pacific Islands"
"Papua New Guinea","PG","PNG","Oceania","Pacific Islands"
"Pitcairn Islands","PN","PCN","Oceania","Pacific Islands"
"Samoa","WS","WSM","Oceania","Pacific Islands"
"Solomon Islands","SB","SLB","Oceania","Pacific Islands"
"Tokelau","TK","TKL","Oceania","Pacific Islands"
"Tonga","TO","TON","Oceania","Pacific Islands"
"Tuvalu","TV","TUV","Oceania","Pacific Islands"
"United States Minor Outlying Islands","UM","UMI","Oceania","Pacific Islands"
"Vanuatu","VU","VUT","Oceania","Pacific Islands"
"Wallis and Futuna","WF","WLF","Oceania","Pacific Islands"
"Argentina","AR","ARG","South America","South America"
"Bolivia","BO","BOL","South America","South America"
"Bouvet Island","BV","BVT","South America","South America"
"Brazil","BR","BRA","South America","South America"
"Chile","CL","CHL","South America","South America"
"Colombia","CO","COL","South America","South America"
"Ecuador","EC","ECU","South America","South America"
"Falkland Islands (Malvinas)","FK","FLK","South America","South America"
"French Guiana","GF","GUF","South America","South America"
"Guatemala","GT","GTM","South America","South America"
"Guyana","GY","GUY","South America","South America"
"Paraguay","PY","PRY","South America","South America"
"Peru","PE","PER","South America","South America"
"South Georgia and the South Sandwich Islands","GS","SGS","South America","South America"
"Suriname","SR","SUR","South America","South America"
"Uruguay","UY","URY","South America","South America"
"Venezuela","VE","VEN","South America","South America"
