"currency","name","per_usd"
"USD","US Dollar","1"
"EUR","Euro","0.92"
"GBP","British Pound","0.79"
"JPY","Japanese Yen","150"
"CNY","Chinese Yuan","7.2"
"CHF","Swiss Franc","0.88"
"CAD","Canadian Dollar","1.36"
"AUD","Australian Dollar","1.52"
"NZD","New Zealand Dollar","1.65"
"SEK","Swedish Krona","10.5"
"NOK","Norwegian Krone","10.7"
"DKK","Danish Krone","6.9"
"PLN","Polish Zloty","4"
"CZK","Czech Koruna","23.5"
"HUF","Hungarian Forint","370"
"RON","Romanian Leu","4.6"
"BGN","Bulgarian Lev","1.8"
"TRY","Turkish Lira","35"
"RUB","Russian Ruble","95"
"UAH","Ukrainian Hryvnia","41"
"BRL","Brazilian Real","5"
"MXN","Mexican Peso","17.5"
"ARS","Argentine Peso","1000"
"CLP","Chilean Peso","960"
"COP","Colombian Peso","4300"
"INR","Indian Rupee","83"
"IDR","Indonesian Rupiah","15800"
"KRW","South Korean Won","1350"
"SGD","Singapore Dollar","1.34"
"HKD","Hong Kong Dollar","7.8"
"TWD","Taiwan Dollar","32"
"THB","Thai Baht","34"
"MYR","Malaysian Ringgit","4.5"
"PHP","Philippine Peso","58"
"VND","Vietnamese Dong","25000"
"ZAR","South African Rand","18.5"
"AED","UAE Dirham","3.67"
"SAR","Saudi Riyal","3.75"
"ILS","Israeli Shekel","3.6"
