"kind","name","value"
"column","patron_id","character"
"column","demo_age","integer"
"column","demo_gender","character"
"column","demo_country","character"
"column","region","character"
"column","social_class","character"
"column","occupation","character"
"column","household_size","integer"
"column","weekly_spend","numeric"
"column","payment","character"
"column","transport","character"
"column","visit_frequency","character"
"column","recommend","integer"
"column","ratings_goods","character"
"column","ratings_service","character"
"column","ratings_credit","character"
"column","ratings_delivery","character"
"column","ratings_value","character"
"column","reasons_price","character"
"column","reasons_quality","character"
"column","reasons_credit","character"
"column","reasons_proximity","character"
"column","reasons_variety","character"
"column","reasons_service","character"
"column","comment","character"
