r_name,r_file,exported,py_module,py_name,status,r_fingerprint
col_prefix,auto_select.R,FALSE,auto_select,col_prefix,ported,a41d4278093e4ed7b35003f2fce27e6e16eea5437f2ffc4e230c23441d8bcf8d
col_kind,auto_select.R,FALSE,auto_select,col_kind,ported,348e3461a4ac3013401e784101998e56d6897f632f0639902b8c1b7c0f4276b4
detect_multiselect,auto_select.R,FALSE,auto_select,detect_multiselect,ported,9b6f387c274865cc33061122b2b7c959ae69b525ccd5d0d62faca015ad483017
multiselect_label,auto_select.R,FALSE,auto_select,multiselect_label,ported,b4760bfe9a3ba1668e5563fcff454e993651e9237edadee26988eb8aaaeef4c3
require_xml2,brand.R,FALSE,brand,,dropped,82e2419834a3c9f2fe97a0dbaca1d103940a52f78068834da5b837ef70806add
is_hex,brand.R,FALSE,brand,is_hex,ported,0e45210b48a7843c6e6e5b99b4666c465b659556055b77437190358e5cae4d2d
extract_ooxml_theme,brand.R,FALSE,brand,extract_ooxml_theme,ported,642b4429210d17d644b8643fb8e105123d880708ca0acbe8e89d6f57cbf8250d
parse_ooxml_theme,brand.R,FALSE,brand,parse_ooxml_theme,ported,1e0ee223bf9c23b802b3fb08db580a3cbe168a6a00519cf0d5895c22486c8176
use_brand,brand.R,TRUE,brand,use_brand,ported,5ff68f9f6fec7763e09582d9948d12604af8abf3f625c1bad7e7d7e712bb075d
warn_core_font_device,brand.R,FALSE,brand,,dropped,8216fa89555920412be144e40932a2c766cb18cc8daf08097b757bf82f7179d9
brand_info,brand.R,TRUE,brand,brand_info,ported,a6e38ab249e6e752b565b8b0be5e4704414657f6e419c164b42bf2c69b6e871b
print.ezrsurvey_brand,brand.R,FALSE,brand,EzrsurveyBrand,diverged,e97477e4eb0109051b5a39a231c8215f40ddefad4887010f03b7d8f6b2cd4ad0
clear_brand,brand.R,TRUE,brand,clear_brand,ported,6b1e4825890d24f93fa90ed8848253ffceb8a203153276119ce6f07718448739
.stopwords_fallback,comments.R,FALSE,comments,,dropped,3f92a7ccbee4ee9d5e7c260dacab91851869f4f9a25fcdd2a2e6630fb2a95d04
resolve_stopwords,comments.R,FALSE,comments,resolve_stopwords,ported,94923878a47ad820cf24644df0b584a77c99a54595acf0d1920b2eda70d3b5c6
push_seed,comments.R,FALSE,comments,random_source,diverged,7c5a829efb37415de625e9285877b5f591737ddcc321f2b724c6bb08d62ab3a1
prep_comments,comments.R,FALSE,comments,prep_comments,ported,b9f0ee34ee7d7df281b2d1f08c64abf1d3cc7b5ea10467e40c24c194da63dc34
sample_comments,comments.R,TRUE,comments,sample_comments,diverged,01119b1c3d8f8a4335b748087db1f6cb0a70eb6d6b8af92ad1f1b43cb527227d
tokenize_comments,comments.R,FALSE,comments,tokenize_comments,ported,ec11ebdf08b37d9b3df01472fcfd8210b54d24085fec79c7f8e634f949c92144
build_tfidf,comments.R,FALSE,comments,build_tfidf,ported,22cf3de2aec4a79d650b292f1ed6e3a8ace56bea0106c3c3ef29057477328e3e
shannon_bits,comments.R,FALSE,comments,shannon_bits,ported,6a6925e3bbedf56fb95a0c19286fab7cf74d8f5d4c6277b3aa5a5a15b19f968c
select_diverse,comments.R,FALSE,comments,select_diverse,ported,92313a6aa6b91b9c63cf49db9c1e7cbf52809f9c00de05197ab9170066ba896c
sample_comments_diverse,comments.R,TRUE,comments,sample_comments_diverse,diverged,9499b8cccefaa54114c57351768ddab1112709039b19dd88cab0b0dae275eab9
compare_values,compare.R,TRUE,compare,compare_values,ported,a8d30ad9b269ea4d9ed3281ac60308aed65b936f598ff28fab01e3f52b43b4f8
plot_diff,compare.R,TRUE,compare,plot_diff,ported,c673d2d3a66257604b9b16b2bc5486cbd338808f58162fa965393c3237dc4d03
ezrsurvey_defaults,config.R,FALSE,config,DEFAULTS,ported,4d6fd373d2f29e04c4c7cd57ba8f5b2f43d2ff23a698110a7ddacaceeced048c
ezrsurvey_default,config.R,FALSE,config,ezrsurvey_default,ported,7d3b980f9dc7ec2ea63cfb64e1dcc9a12b5126078e5c37a05d5569c40cdc00b3
ezrsurvey_options,config.R,TRUE,config,ezrsurvey_options,ported,bf29c62b68d225e2459853b9bca096f07dd5d696cb2d8686bb51bd7dd496d35e
reset_ezrsurvey_options,config.R,TRUE,config,reset_ezrsurvey_options,ported,f7c199d58eb75a362949132614b942dd5cfaf9d3a078ecdf022cf43d7e002ce5
ezrsurvey_profile_paths,config.R,TRUE,config,ezrsurvey_profile_paths,ported,cd039ef9280eea5f3dffa01107af0e964000f4f55a326ae1f3875cc1ce3ea05c
load_ezrsurvey_profile,config.R,TRUE,config,load_ezrsurvey_profile,ported,b9989aa2e35775b13fac1fc5b0558de79b34455a998dd30fa3aebb3e7104942a
use_ezrsurvey_profile,config.R,TRUE,config,use_ezrsurvey_profile,ported,0e162a381747d629d3056f69a997facf326bcd4cf9aa09080f2cc90ace4f3df4
edit_ezrsurvey_profile,config.R,TRUE,config,edit_ezrsurvey_profile,ported,5cf33bd3a3f0662632ba00e9b12990f927726939244b8d2ee79b9aba171a3522
save_ezrsurvey_profile,config.R,TRUE,config,save_ezrsurvey_profile,ported,ed1ae39a71e6e5c951d049fc943940f037acd87046ad321bb0f38296a10553f1
confirm_on,confirm.R,FALSE,confirm,confirm_on,ported,31683855234a0325869dfd9f42d8d8af80b8852ea2b6a6b900bda991a5d07e33
confirm_lines,confirm.R,FALSE,confirm,confirm_lines,ported,64b14f8d902b79a61bb39f994fcc1b7361b445ade99fb1ea49daac3894e4fbae
confirm_selection,confirm.R,FALSE,confirm,confirm_selection,ported,81cf087031fe27fb918eef5304badb3cf54d81252bbc352e7ef1ab3ce305b4d7
summarise_cell,crosstab.R,FALSE,crosstab,summarise_cell,ported,6ad6de944d8a80e7bf41e2cae80037285904ffc4869e33470c4913cccf1c7df4
summarise_cell_wtd,crosstab.R,FALSE,crosstab,summarise_cell_wtd,ported,6c601f789f806713de6bc3ecf6d52e11202f09fe9f3c45497c381f4ce8161350
order_rank,crosstab.R,FALSE,crosstab,order_rank,ported,e50193045f059c43d3f199d3534ae20e766aa731cb2337bead46376a743c363f
crosstab,crosstab.R,TRUE,crosstab,crosstab,ported,d15df1b37639c4dc18b06738941c8106a893592bfbbd28c62b6fdeb85b0c0a94
wtd_quantile,crosstab_banner.R,FALSE,crosstab_banner,wtd_quantile,ported,5e9a342344e9120ff0e7e07a88174852e87d3f5e361436b54d195ea52256b59f
banner_numeric_stats,crosstab_banner.R,FALSE,crosstab_banner,banner_numeric_stats,ported,cafc6e014130935d88f85852e17d79d6946d6c4b3cd44a8eae14c6f7957a35fd
banner_is_numeric,crosstab_banner.R,FALSE,crosstab_banner,banner_is_numeric,ported,1444e50caeb9c168421aa715909b443dbc6d778ec1cf0186aff04f5ec3be6aeb
banner_block_cat,crosstab_banner.R,FALSE,crosstab_banner,banner_block_cat,ported,44f95ff68bc97fc8c646ff882bd24de7537aae039a85137a368b6cf92ef26baa
banner_block_num,crosstab_banner.R,FALSE,crosstab_banner,banner_block_num,ported,e16c26457f37a09016e81d75edb7edab6a56f8f292e2f4e459bc3bafdbe716cb
banner_block_multi,crosstab_banner.R,FALSE,crosstab_banner,banner_block_multi,ported,c0f9cc8adc7ead1f5a7cf46df994d97b1f6a5ee4254b9c29a0897a98bd6bbc02
banner_assemble_wide,crosstab_banner.R,FALSE,crosstab_banner,banner_assemble_wide,ported,19dae336bc7e2c946c772fac7faad5b5748c51b476faa4d68a322ab8b43f944c
banner_flextable,crosstab_banner.R,FALSE,crosstab_banner,banner_table,diverged,8a94b49b5126cd0db4abd445de658d5fb0a644bdc7ede3dbda03439d464c4cf7
banner_auto_select,crosstab_banner.R,FALSE,crosstab_banner,banner_auto_select,ported,369b864671ca1016d44bf1299b13efebe1596e8a3f5f34843a8ee939e950e76a
banner_fingerprint,crosstab_banner.R,FALSE,crosstab_banner,banner_fingerprint,ported,d3ffd114d3ce4c70ac594385f90a7ef4b6747eb6425d93a56ca7d6bb5863946b
banner_checkpoint_path,crosstab_banner.R,FALSE,crosstab_banner,banner_checkpoint_path,ported,3f6c37583a08a2e8bdb8a55ce2d763e0728b80f80ed342a830e448e4e1d876b2
banner_checkpoint_load,crosstab_banner.R,FALSE,crosstab_banner,banner_checkpoint_load,ported,f477492044572decc5c180a354462de8c3f5e4a464855bb086c6302b54d8d5fa
banner_checkpoint_save,crosstab_banner.R,FALSE,crosstab_banner,banner_checkpoint_save,ported,cdc148f337fe48fd0db30559195906bd75d6783bc76816af2719878e16d53a99
banner_checkpoint_clear,crosstab_banner.R,FALSE,crosstab_banner,banner_checkpoint_clear,ported,7409b54b14b16a0fc9c37e0f917978d1133ac1b4efb98920e5b812be1e4c20a4
clear_checkpoints,crosstab_banner.R,TRUE,crosstab_banner,clear_checkpoints,ported,b0fc0187d2abf1b9c4f4b897a668f47060c590c30138e7443089bef650a29c72
crosstab_banner,crosstab_banner.R,TRUE,crosstab_banner,crosstab_banner,diverged,b313bd94c081784ed4a80ddca0ae0cecf5fce72db60499c3e462bdde04625ffe
.currency_aliases,currency.R,FALSE,currency,CURRENCY_ALIASES,ported,ba2edd3e7ec9f021dddc2e4d82fe681433c972645ead26501206c9799a2dbd37
normalize_currency,currency.R,FALSE,currency,normalize_currency,ported,9de64388dd0dcdde41ae5b60152148eccaa4c2390f4f5a58c13da251f5b1b3d0
resolve_rates,currency.R,FALSE,currency,resolve_rates,ported,e756a747a62dc67ddf7f13ed19b82f5ed39a498f9f1e81243f6a3ffb39e9e52e
convert_currency,currency.R,TRUE,currency,convert_currency,diverged,53e53306ae05b0f331ab8969e1ee4f1b54e0e3366a5d043052b594db90c4d478
add_currency,currency.R,TRUE,currency,add_currency,diverged,48400f56b51a1c008c5224830f28d778a17696e1e0f940de90e10af3137ce76b
list_currencies,currency.R,TRUE,currency,list_currencies,ported,073975e6af2f6d617741dfb20ae0482cdfc16eb3bd85c4831fe6deefa484da0c
resolve_data,dataset.R,FALSE,dataset,resolve_data,ported,9797faa543512da0f4da62fca8a45c6133eeadd123f31b8bae60eddc5bae67d7
col_label,dataset.R,FALSE,dataset,col_label,ported,7e3763a980bee132dc1efa03e4b4b337a99f1892f75437ff1a576752a1877ba3
check_column,dataset.R,FALSE,dataset,check_column,ported,b501b334a1e20cfaa8f0f247d4bb771689f7d724c2f74dd9193d9a6771003066
resolve_data_columns,dataset.R,FALSE,dataset,resolve_data_columns,ported,7519508493a2d1de00bd7c0401b5c52a391200cedac3271aa37080602a9867ac
resolve_data_dots,dataset.R,FALSE,dataset,resolve_data_dots,ported,df1585fe8b2c30a5a5ef7e5036bf16f8d9c5d39f082d9f554c4f1382b66adc19
use_dataset,dataset.R,TRUE,dataset,use_dataset,ported,09cef01fd760a8a2d7ae0a7b2dbe512221fdd84a9e36dd2ecd7a6dbd7bdc3b49
get_dataset,dataset.R,TRUE,dataset,get_dataset,ported,9f5844c188520c86e0070aeb55ec4c61700ae4399bbbf92b0c25b68e0a83c0d7
has_dataset,dataset.R,TRUE,dataset,has_dataset,ported,08e0ce42d3eb5b053aec47d9e351b1a06212fac6ed7687f42a04a9b462f8a1be
clear_dataset,dataset.R,TRUE,dataset,clear_dataset,ported,68a5464c8a122b2ea812e322a9c8b71eacd6e14853665e0d2e2a460a1d1749f2
dataset_vars,dataset.R,TRUE,dataset,dataset_vars,ported,be68e657346b61930a567136e86a572012067abb18ff78b8057d93057a772d46
normalize_bands,decisions.R,FALSE,decisions,normalize_bands,ported,29a74f11bba5a08c8b641ce9feb12a02083f182b4da361af6810c5b0432f47cc
infer_panel_range,decisions.R,FALSE,decisions,infer_panel_range,diverged,6afe6f67fd1b25e94d0680c9d240b13c07bd9282994a6f48cb2bb027182c5edc
annotate_bands,decisions.R,TRUE,decisions,annotate_bands,ported,c8fc7996480d9b85c3441c9cadb709fe3fef11e70087f834066380daa7bc0e8b
mark_value,decisions.R,TRUE,decisions,mark_value,ported,a788c8c4791930e500121ae86b8bd7f46b75dde62f3e1f3362bbcb63d8e6145e
band_index,decisions.R,FALSE,decisions,band_index,ported,6602b60d83480a1512ba2483a14053fa168c759682dc33a657d633dfd247a1e2
band_colour,decisions.R,FALSE,decisions,band_colour,ported,6d704953b08fb10f9a0b8f92595bdafc62c5fd2862b0cbe10e23511ec4219496
band_label,decisions.R,FALSE,decisions,band_label,ported,e92f188baedf770397dc9f3459434359d355c6a9789682d3fbf740098b578d30
bands_rating_3,decisions.R,TRUE,decisions,bands_rating_3,diverged,d414eef5ab03c3b40f64625e638e98223a861bd58667827bf0a3248a8f9dc68a
bands_rating_5,decisions.R,TRUE,decisions,bands_rating_5,diverged,325669ec7144525944335d61b759737e68173af98261ecde738fc57561c98d83
bands_nps,decisions.R,TRUE,decisions,bands_nps,diverged,403a496e4f83460937df301394d730ce14c2a2a2baa7eb7e425ea73f09ac26de
bands_nps_score,decisions.R,TRUE,decisions,bands_nps_score,diverged,b109247728b37cfee179fdcf9e2be36564f83e316be3747342ca46b673addbc6
clip_bands,decisions.R,FALSE,decisions,clip_bands,ported,c67eb4fe11f7dfdc1c9fc98e26a08491bb67639d976ffec5c9d029386872b26f
rescale_bands,decisions.R,TRUE,decisions,rescale_bands,diverged,83e4b9ec4dc801c4b2083cfa21c0f829f60b1ea0c051f39116ff0b8ec0571a3e
se_mean,diagnostics.R,TRUE,diagnostics,se_mean,ported,30e3e1da4b83401e190b7cd253ded88285c0012cb9ae38218416bfa5fc6a35a7
se_prop,diagnostics.R,TRUE,diagnostics,se_prop,ported,239b1bd157140b84abca49bb8445479588aba20a898dd32a9db17449bb7250c3
rse,diagnostics.R,TRUE,diagnostics,rse,ported,ffbf9fb4f2dcda013ef18db3bd70776db5bab82d4108e6c962b3a0f8f470e615
margin_of_error,diagnostics.R,TRUE,diagnostics,margin_of_error,ported,73b4e9498cb63aa3197ea2f74af462bf0b59c155291b93b983251561b821ac42
rse_rating,diagnostics.R,TRUE,diagnostics,rse_rating,ported,76df9a5f9c0a99e3f465baa6835a41613c2387d1f157f449b70c03c6e634615c
diagnose_one,diagnostics.R,FALSE,diagnostics,diagnose_one,ported,11882df4d7c689304d471b1edc13efb34b11cb43fc56bbff000f74fb82752968
diagnose,diagnostics.R,TRUE,diagnostics,diagnose,ported,b539cba988d8279b56bd48bbfa304ff0d4d86437548019b7e672dc5ead034b39
is_categorical_like,diagnostics.R,FALSE,diagnostics,is_categorical_like,ported,845452645df5082bc61147046b5c912c881cfe7821a1e5e5bb6f5b385d9738a4
precision_summary,diagnostics.R,TRUE,diagnostics,precision_summary,ported,a8c45c6443f62f856e2463976baa0d4a0b2f697cef4861ad3b5548893fc42a73
print.ezrsurvey_precision,diagnostics.R,FALSE,diagnostics,EzrsurveyPrecision,diverged,173b3e61ca2a14d534ef5129c352b72cce4a8f6dbbf51456ab2cc4677fb784d4
file_ext,export.R,FALSE,export,file_ext,ported,ff93107882a438f3ba7ad393df887097afe809d8b1df705d2dcedc42b545601b
default_output_path,export.R,FALSE,export,default_output_path,ported,91429acef6df3a6d9b5b880c5a9da879247b48387d27d535f6f12180fde2aa2b
.ezrsurvey_output,export.R,FALSE,export,SESSION_OUTPUT,ported,7f5740398c1a222331a6f6db994af4b792561c6a2b559ebd6d1bfc874d298540
resolve_output_path,export.R,FALSE,export,resolve_output_path,ported,0179bad9d0b16864552316eb14898700fd809fc77a5061bb19946dd5942662dc
announce_output_dir,export.R,FALSE,export,announce_output_dir,ported,fdac3691cb3f1803baa97275ba8370806e358e70ebed956e817086cdf9f4d0fc
save_plot,export.R,TRUE,export,save_plot,ported,29429e8f9bbb840a0e021b0609d903ad00448da9896b56fc5e472b1ce1f63d5d
save_data,export.R,TRUE,export,save_data,ported,3f7cd773a704d35ae096cbf76c7db15f6ca16424147ba0287930233e7e99b662
save_output,export.R,TRUE,export,save_output,ported,aaa259e59d431532fb246919ad948bbee25c119194d3521fad4a7ebef44b4edf
sanitize_sheet_names,export.R,FALSE,export,sanitize_sheet_names,ported,048066bcf582e52edba24006d261b27135b79be0872ecfecd36f975d2b90c7fa
derive_sheet_name,export.R,FALSE,export,derive_sheet_name,ported,c55844af97ae452b5a3ccbacaecc07209616f493ebbb9bd76ed211c4b16191df
export_xlsx,export.R,TRUE,export,export_xlsx,diverged,8104125b60c177f3db483c5c71433d9b9fb3b541be0fe8a3b687fb6a0ff95653
summary_fill,export_summary.R,FALSE,export_summary,summary_fill,ported,9e55c496f20a1accfbf975f995ed8786a13509b3e45ecf5e74989bc86c26163d
summary_table,export_summary.R,FALSE,export_summary,summary_table,ported,9f24b64d613f377ecd73264148e5b3cef2e91c2addd79bb69001514987f00129
summary_chart,export_summary.R,FALSE,export_summary,summary_chart,ported,2b0f6c6aca36cc130b72a65b8396e2336759b3b3bb78ea0ced0cd286e0a1ff8f
multi_table,export_summary.R,FALSE,export_summary,multi_table,ported,70c7b47b3bf7f7dc2ba348bdeaf91a6f991cb74d5881591be96ab382764b279a
multi_chart,export_summary.R,FALSE,export_summary,multi_chart,ported,51c5f6c0aeeda86570ceee877a854c7a8e529b08e22139c99cb0d82977034ddf
export_questions,export_summary.R,FALSE,export_summary,export_questions,ported,55dc5adfaf837c9527f883fdfa2c7d8a16d3e843024c9aa4191bbf96371b3191
export_summary_xlsx,export_summary.R,TRUE,export_summary,export_summary_xlsx,ported,8f37c21bc9553691f39130e0bea381376a1325dacddb8bbfbebce17fa53c4a37
named_zip_tool_missing,export_summary.R,FALSE,export_summary,,dropped,6ecb0558497c12d3f93f452661303ac47a0176b0a137266af772eaa9afe28701
save_workbook,export_summary.R,FALSE,export_summary,,dropped,0f46882b8e6d2e337f498d5f1d0d86300a1f4f80f89400eab4fbed937bff8c64
generation_scheme,generation.R,TRUE,generation,generation_scheme,ported,877c3829049a657889e7bea0e052783424f3f43a08504ec8feb94231e0eb7762
recode_generation,generation.R,TRUE,generation,recode_generation,ported,ac8d53b443a197c0fe0b4ebcebf7b5222ac54ef6ebee25dea0068e4377e6ddad
read_folder,import.R,TRUE,import_data,read_folder,diverged,bb0f4d218b000710ef874f0ca94be01f1285e14f1ec0c5d5d32be21e8eb6d0ee
drop_question_row,import.R,FALSE,import_data,drop_question_row,ported,07097b6c05dfd0c4ffa6bf0713a2b7b8f60a7e00c2f6d8527fc767ff6a16e632
looks_like_question_row,import.R,FALSE,import_data,looks_like_question_row,ported,29312748e3954a83407b3f5ced36f42698835aa90b44faec6c44bff60b5a76d7
select_prefix,import.R,TRUE,import_data,select_prefix,ported,1de391f15ab83a73131b13ca7bd718e81a4eb81cc140153fd444dce8a7adbc98
select_suffix,import.R,TRUE,import_data,select_suffix,ported,c34a9f1d2a8830ac6934950e73d0c45a9d2a46932c5c1cf508a4eb801b874ef6
parse_filename,import.R,TRUE,import_data,parse_filename,ported,0b75c39f1dfd43f7df567adc6dd245cf7a1df3a735f12c7f6eea6ef902056153
%||%,import.R,FALSE,import_data,,dropped,a83550f4f19e5c2f61c4ada71277c61c07a2957ed329b8fb96956573fccb6bb3
calc_nps,model.R,TRUE,model,calc_nps,ported,968ee709a7c6f170b5725665e0989944ac86c3824abd68eca10cf7347519fc07
importance_frame,model.R,FALSE,model,importance_frame,ported,9984ec5349ccaa1c82c13d406e952e8a3fe14515b0322c784e45c765d84fd367
rescale_importance,model.R,FALSE,model,rescale_importance,ported,7dec2eb7ec5f6b5110223395654308f6fd0df138fcac37ce8bd8f159653e73d0
rwa_importance,model.R,FALSE,model,rwa_importance,ported,d6170bfdeb587662d9ee5dd2d9f244f27b573a78ca4d3a31f0718aa76f1c777b
forest_importance,model.R,FALSE,model,forest_importance,diverged,be6abe42e59f17c7428fabea9886e94104bf97b07f9ba5d203df39329d0708e5
correlation_importance,model.R,FALSE,model,correlation_importance,ported,08bfc6e5e22c266b4ddd64da5e5a9d5dc582cb0a89d1c425e9024c32f5b7ad06
compute_importance,model.R,FALSE,model,compute_importance,ported,b023a0ce64f763a1f063eb9a6a25ca47c7aaef7023f70d8bc36b5de57c01a3ae
calc_importance,model.R,TRUE,model,calc_importance,ported,e9c8fba986b066b4be52830b35be7f18081b5f4731f91514106f38de4f645813
cut_perf_band,model.R,FALSE,model,cut_perf_band,ported,500341ec2e1786e0aa8f422e5fa3cd0578961402dbc5a915971a0fd3ae5244a6
ipm_model,model.R,TRUE,model,ipm_model,ported,e4c451d47a1a4059c5f3feca32c00ec37f1b8f9933d98017480444bbc07188f9
.order_registry,orders.R,FALSE,orders,ORDERS,ported,dba14f5582f65439c0656eb8f172dd9275804896f24facb37c41f167f52c5fb4
register_order,orders.R,TRUE,orders,register_order,ported,a2d6031d822624a3f17142c4c6637bbeb3c72bdc54a7836786eb2cdb127052ad
list_orders,orders.R,TRUE,orders,list_orders,ported,2121d98924f62c059877464c600c88832342f92f12799f17b04b8dfc7fc263b3
get_order,orders.R,TRUE,orders,get_order,ported,4988fe2953fcd5d71ea8124f263504a1ece7dd15d86a6c75eb543e88c3f4fff3
remove_order,orders.R,TRUE,orders,remove_order,ported,cc5f74ee5861dc99b4a6f49782520d187432e2d4420373e4eeb740622d3178cb
order_for,orders.R,TRUE,orders,order_for,ported,78710d598ecaed479565aae738a544eb8227b4ff7fed4ddf024401df0fec90d0
apply_order,orders.R,TRUE,orders,apply_order,ported,b7e8e7a62aeb6bd1fff6df09c84739e01cceee1f3edc9b708bb42e1f10a075f2
register_order_presets,orders.R,TRUE,orders,register_order_presets,ported,62461644b2fc45dbb7d4a92ee265fbb18b9affd3d1613e4cbdefb14ce9f604b2
apply_orders_config,orders.R,FALSE,orders,apply_orders_config,ported,3cf097b9a7cc4add8ad94929d16b1bb4a8e337d574a625dc7ce8eb6dbb77dea8
orders_to_list,orders.R,FALSE,orders,orders_to_list,ported,b857dd7c4db79923e7da45db647dd0810a30b2a14036303d4a4ddd28fadae1c8
pal_rating,palettes.R,TRUE,palettes,pal_rating,ported,93c91516bbeea110af8dcddefa39f6fc440283023d82d251303948f39fae0a6e
pal_nps,palettes.R,TRUE,palettes,pal_nps,ported,9caf33ada7bbe03c030d0dfdc48b509f5114a8573c479bd12fe82190b43d2ab8
pal_sequential_blue,palettes.R,TRUE,palettes,pal_sequential_blue,ported,a35f227b5e53afcae78a410eee8f291d8e81b80185c3559f3b96e80777425c1a
pal_neutral,palettes.R,TRUE,palettes,pal_neutral,ported,1ccb7b9fdeb3ba33ff877f4f0fff8cdfda076d5cb74f0939f9988f069fd564cc
pal_rating5,palettes.R,FALSE,palettes,pal_rating5,ported,15795ee59ab1615f87bd18816bcfe247446b32122700953dc5594f8d443c53ad
rating_palette,palettes.R,FALSE,palettes,rating_palette,ported,3324964d38e28f79a6c2740a9a0def47464df40bdd0017763b0eebc1c80abcf6
pal_brand,palettes.R,TRUE,palettes,pal_brand,ported,32e943fd5a9748aa7c2cb54234c014e06c141f646ee251a804441b8702182522
scale_fill_brand,palettes.R,TRUE,palettes,scale_fill_brand,ported,bdd2b3e82acdaf802a6197b7ad5e4e3f3281fe9f9b7bef96a5b23fb4925ec048
scale_colour_brand,palettes.R,TRUE,palettes,scale_colour_brand,ported,4e1384ffb3b88cdeff4e178bd3c9221ba1d574b96b3970961f6cc1be084643d8
scale_color_brand,palettes.R,TRUE,palettes,scale_color_brand,ported,474f4b7d21a8757044c4e736270f27df4bbbeddf0627ce4ec8dc999c4f7a8dc9
scale_fill_rating,palettes.R,TRUE,palettes,scale_fill_rating,ported,6c7aac1bb0334e0a892e511a3bfed1661a77ce6828e319cb1385df4b2b22e950
scale_colour_rating,palettes.R,TRUE,palettes,scale_colour_rating,ported,14dfadfd0af7e311cfd444f4af256ce9746583a0f1c5b58247d03da5aa9dfe95
scale_color_rating,palettes.R,TRUE,palettes,scale_color_rating,ported,53fb99fe321257425f61f09475b5b99dd81af4b92fc6dac686962e641ed2acf4
scale_fill_nps,palettes.R,TRUE,palettes,scale_fill_nps,ported,b50d94972a976bc6d4bdbfb1322b371c8a7ef018e7b29c7e2114e1702bf9acab
clean_label,percentage.R,TRUE,percentage,clean_label,ported,1a9eda62db99653f671a5a91d5189124295573bf9acd698f397a9d688a7bc668
drop_rows,percentage.R,FALSE,percentage,drop_rows,ported,476bf7422f9991fa7312edab515b8381e1265e7f84c5ac7c3965e919cea2aa70
packed_delimiter,percentage.R,FALSE,percentage,packed_delimiter,ported,9f0e9a4163ebdbad9a750e83c095ece3820a9a0f48cafe198410dbd8ce20d665
unpack_long,percentage.R,FALSE,percentage,unpack_long,ported,6f27e82f21c45c13780c5e59a69d6fa0497b291c4254b153c45806f169813936
order_factor,percentage.R,FALSE,percentage,order_factor,ported,54811a5e5ffb29412e8ccb268db8948fd947a63be4eb9a3edc10a727e9cc3d0c
calc_percentage,percentage.R,TRUE,percentage,calc_percentage,ported,ca1c18cd23f2e0f80b7ac732487f78a7b372a98e635547789367d07a6cc5a1ff
calc_percentage_multi,percentage.R,TRUE,percentage,calc_percentage_multi,ported,b6df361c2b6eb78917268524149c54652215f862489d2d45f54259723758d9a4
calc_summary,percentage.R,TRUE,percentage,calc_summary,ported,e073ef70098d38de249caae5713243ac8eb6c6e194fa04a40373fa553488ba1d
calc_percentage_batch,percentage.R,TRUE,percentage,calc_percentage_batch,ported,47b2538968297766c0735e747fe8ebdf0d1567ea9d60489ac6b2c70240f13787
consistent_bar_width,plot.R,FALSE,plot,consistent_bar_width,ported,b302deba7792d3a4ee61fd5dd0b9fcd0fd3c1db54ace09bfbf02ffdbe8f133a0
auto_bar_layout,plot.R,FALSE,plot,auto_bar_layout,diverged,b39fb95fca413c4e9eb9345049c3fcad5b956f50c338b67e742d88547df1ec28
plot_bars,plot.R,TRUE,plot,plot_bars,ported,b8d4d791b7a1626ca14cd53f0a3b43bb041bb485bddc2e2ba4f995efabd875e6
plot_stacked_rating,plot.R,TRUE,plot,plot_stacked_rating,ported,da85ce3cf56a640077e6d6562a5a38e2a97313520b7924284be1bddaf855759c
plot_rating_grid,plot.R,TRUE,plot,plot_rating_grid,ported,f94af4b5d4295e87e8c33101b21c88b37b369477d5992d174b8477a049afd25e
plot_nps_gauge,plot.R,TRUE,plot,plot_nps_gauge,ported,5c27aad93783907105c6e2da3870c57f1a0dc99e4632bb3280cd12b4e3173b8c
gauge_scale,plot.R,FALSE,plot,gauge_scale,ported,eeb9a77e89cc4f60cbe2a5893ac39f3828d7f0e37173d79b6c7fccc12e1f6cd9
infer_gauge_scale,plot.R,FALSE,plot,infer_gauge_scale,ported,4c03ad09fc3e90a77a1ee5994637b6d6d667af631f2f39703fa722736e8bbe3f
norm_gauge,plot.R,FALSE,plot,norm_gauge,ported,c9e174fe71495ff8a13fa1f35b38c2c548426685b59b05dbbdc7780e1d597e15
band_fits,plot.R,FALSE,plot,band_fits,ported,96bddd0af4f4efcf3a7d5ce1935e07c12a79f58de9802b6f5fb613ab028fce06
gauge_layout,plot.R,FALSE,plot,gauge_layout,ported,bbc322887d25dd3f04ecfc68be8defda33572fe62003ffa94975988367cb88af
plot_gauges,plot.R,TRUE,plot,plot_gauges,ported,742fc0fe1f4abfddce60279a695737f2aecc8330caca24ea40f6231ee75e814f
plot_nps,plot.R,TRUE,plot,plot_nps,ported,927692d10953fef6b9a23c81b38d31f3723988cb1f9f89548836703a9e0cccae
plot_ipm,plot.R,TRUE,plot,plot_ipm,diverged,cb5c40cf1cfb56b0e007584adc9fbcce6f4900fa465b795744dccafca08c9f4e
plot_quotes_tree,plot.R,TRUE,plot,plot_quotes_tree,diverged,600b55263b1e8c4d7849752b3f17bbd79436a0b3409ae00131b57ca26138b928
progress_on,progress.R,FALSE,progress,progress_on,ported,d35a5fc1194d7859ca35577fb58830f8c20372d831c76b49ea054114b6b31413
format_duration,progress.R,FALSE,progress,format_duration,ported,8c22dec58738c3cde032e03e547712e7a73549cea977c893a5e71d54e2571696
progress_plan,progress.R,FALSE,progress,progress_plan,ported,78bf02d8258c0a9a47642d5d920b2dfdbc74347d7e2741cda1392a4617cc3d00
progress_start,progress.R,FALSE,progress,progress_start,ported,f45582a3928e4a435fbc296ab34d72a7b3bb5e9ac503ede5ecbe16d0d978badd
progress_eta,progress.R,FALSE,progress,progress_eta,ported,b5a0285ef201f849d370a1ed811f10289c8425189634b1fa190a284526cf9180
progress_item,progress.R,FALSE,progress,progress_item,ported,abd249477ecb8e4fb8f19fb0b312d0a1f1da11c6a24b39eb700f4accb846d32e
progress_note,progress.R,FALSE,progress,progress_note,ported,01abbb771fc971572d03691107fedcb49db9445c6d5c04e0a8200eeb53bcb15e
progress_done,progress.R,FALSE,progress,progress_done,ported,7a784522d1f8509468ce6798c9b5f91c9ea966bde13509e79d5530a21fcdad70
na_blank,recode.R,TRUE,recode,na_blank,ported,aa201a2473301658a93f3c26654d7e2141435cb58203185691b8f1720cbfda1c
drop_items,recode.R,TRUE,recode,drop_items,ported,c57983b9f1a1b5041c3f40589c998d6001503289253aafaea49610bdad41bb12
bin_numeric,recode.R,TRUE,recode,bin_numeric,ported,e9f57ff315bfd401bab5ed68b0e457182e4d4e6e32c746dcb68a2405370520cc
recode_age,recode.R,TRUE,recode,recode_age,ported,534b833a4a89f48a992145d91aed94b29bb27e3f0eaf4a2afbd568b6747bc661
recode_likert,recode.R,TRUE,recode,recode_likert,ported,9275c349cb42488819994ee0d0258a4c763a17c676da52fa78d50de43dd31dbc
nps_group,recode.R,TRUE,recode,nps_group,ported,6a543902e4c8e8d5f905742c962e875896ba6bfeb6ba4a6983687c719bc631f1
multi_delimiters,recode.R,FALSE,recode,MULTI_DELIMITERS,ported,f3b40ae9f90d385158473bff5c7e0951a0453456992a4349c6d73981e6c15ec6
detect_delimiter,recode.R,FALSE,recode,detect_delimiter,ported,ec64ae3ceb11804cf48190cefcaac85ed9f188e9ae2cc2bbaae5877385a16dc5
unpack_answers,recode.R,FALSE,recode,unpack_answers,ported,f5ff1c3a6c1f6b69a9694d4add547ba6536ea64142eedb75d7f05b926284c2ae
split_multi,recode.R,TRUE,recode,split_multi,ported,2fb724a8bb20114062d3516fc156bc5de6cea432b603a6c5acf6e2264fcbe8ba
country_aliases,region.R,FALSE,region,COUNTRY_ALIASES,ported,2bc273d64c4e0887beef37a565297fead5900448b90f7347bf76a4533fb9d221
letter_spellings,region.R,FALSE,region,LETTER_SPELLINGS,ported,a6e950bd29f674f29e49b8a2f7196fcae106f0b2b483b47a631b73a3f40df434
accented_letters,region.R,FALSE,region,ACCENTED_LETTERS,ported,0ab4aeac6eabe12812624e5679aef91dd90384bc4aadc341a58c38177f77515a
plain_letters,region.R,FALSE,region,PLAIN_LETTERS,ported,600544ebec55ec93dba209cfe9708e6fe95f371c1ff4896d9b9b58405c446b6b
normalise_country,region.R,FALSE,region,normalise_country,ported,5fad419d2154ca1db55505dc3296e4c7ba9b73ef6de5e24bdf1964581668e9d7
ambiguous_codes,region.R,FALSE,region,AMBIGUOUS_CODES,ported,7d4ab330b3064ed36fdeb05a6a1c6ec95d22ccc06704c678c2688718d9bef220
canonical_country,region.R,FALSE,region,canonical_country,ported,4a69e66916e7d11c968f9ba139967e902404679ae6b2a999ac5db3c52e14e00e
recode_region,region.R,TRUE,region,recode_region,ported,2e449ce1d5ee56c916c5776029fb402e1766fa533b6f0fffcb00e8e042fc7f78
recode_subregion,region.R,TRUE,region,recode_subregion,ported,c2efe13dc6f947d05f7574d0caa03cbd960329aa33c6eec4c7340171f15079aa
add_region,region.R,TRUE,region,add_region,ported,3e95f3ce9fd9fe6a0681cc212d2996b112997711dcabfbd7f8e5a9f9d425782a
report_deck,report_deck.R,TRUE,report_deck,report_deck,ported,4590c138cfb2b29fca276df53a1dd020223014b888e7bd254737fcf554b0a5a4
require_officer,report_officer.R,FALSE,report_builder,,dropped,2a53fb19905ed50199b8f7c1ffa436f4d839dae74aeb6eed4d97935c7ca6205c
require_flextable,report_officer.R,FALSE,report_builder,,dropped,02ab45debd7883ea2f877e2fcbe0fe4b460cd2105a914c4b5c744a4385a01816
is_pptx,report_officer.R,FALSE,report_builder,is_pptx,ported,4fa7e9bfd665759f2ebe3d92980b71e5ed9e1e1aeb9d8710d257ace2b3765762
is_docx,report_officer.R,FALSE,report_builder,is_docx,ported,851fdaab5efea79c72add64a29b046b14217b3abffc5499c2295113013c21236
check_doc,report_officer.R,FALSE,report_builder,check_doc,ported,ed420fbe4631b2a1ffdc4975e87408d27222e04177a1b3175b4b574a0907ab42
.report_state,report_officer.R,FALSE,report_builder,REPORT_STATE,ported,a52ee896a03922ee5e0bf49c2bc71fc1ce8cae38b76d6347dbc5b0f578ffe5f1
report_state,report_officer.R,FALSE,report_builder,report_state,ported,e386e8a093ed124194829d14364d1698ced542a96052be5f9581a9066e98b787
set_report_state,report_officer.R,FALSE,report_builder,set_report_state,diverged,3aa34358551300adf6b10d602618510a6acc3261c8484856a8e3291a17f95fd9
default_pptx_template,report_officer.R,FALSE,report_builder,default_pptx_template,ported,a5c3a1203afabe4db44624502c572d5eb85e450a17bbef714c45f09614396d3a
layout_props,report_officer.R,FALSE,report_builder,layout_props,ported,a9b74538c77a54e90a60f28e2dbe5bf69fd2873aab2ce8c4160417e57b6871b6
select_layout,report_officer.R,FALSE,report_builder,select_layout,ported,6c10b64038a76200c0d397f93fa32539cf45e0a0fde06e15d73264a7d56ecbe9
layout_placeholders,report_officer.R,FALSE,report_builder,layout_placeholders,ported,b5bf23c88c758c43a3054e3d6b11b32522070895b6ee8887a7cc0dbacd26f8be
content_slot,report_officer.R,FALSE,report_builder,content_slot,ported,9009a50029ac087120a78fc1164ffa4ff0434d4cd23a6044c9d3f59c8a354687
slide_number_node,report_officer.R,FALSE,report_builder,add_slide_number,diverged,4c283b6011ad89837ef8f2bbb8715ddf7710950c2f3ac8033344784d9a034076
add_slide_number,report_officer.R,FALSE,report_builder,add_slide_number,diverged,9ee3a8dc88bf2a97bbe230ba8534dcf1f4b685e84494155121e027774bda3ea9
report_layouts,report_officer.R,TRUE,report_builder,report_layouts,ported,50e9d3ed43bbe0ddece5e887364f3ed198e25a370f066e4641f5df9bfdac8a3d
report_new,report_officer.R,TRUE,report_builder,report_new,ported,1987c94e09084daeab124258471a0d7e8259138d5d66e223dec5632815e86405
report_add_slide,report_officer.R,TRUE,report_builder,report_add_slide,ported,cde8abae1ca598d228b9f2c1fb2aea768997b6882b49246bb0d8633627c9e595
report_add_plot,report_officer.R,TRUE,report_builder,report_add_plot,ported,f064dafc46a21e24ce1636b4e63c4f418dda2a68ed6ab68a893eb5446d2eab51
report_add_table,report_officer.R,TRUE,report_builder,report_add_table,diverged,a28326e002f05bc3525b9d5c9882849ca558d472763127888cede0109dac157b
report_add_text,report_officer.R,TRUE,report_builder,report_add_text,ported,71da9c1cb5c3732d431f414201f2f876551ee26c54499eb8307558a0f8eaf319
report_slide,report_officer.R,TRUE,report_builder,report_slide,ported,544a7b190e49822daab9068121b80cf1df561d77acd0c93cf55a95c9cd994041
report_section,report_officer.R,TRUE,report_builder,report_section,ported,a81c878d620937f00bab9045617f49e39b358a2a3a83cb84e60260530e863456
report_title_slide,report_officer.R,TRUE,report_builder,report_title_slide,ported,d757ddc7b07029f471da892381dcdc7d5148d6d82d1acdeaf862768d06189e76
report_save,report_officer.R,TRUE,report_builder,report_save,ported,eb78cd3bef5cc172b99cebe7b86f56b36516099c2425bafbc528aecf840a1c68
list_report_templates,report_quarto.R,TRUE,report_quarto,list_report_templates,ported,47b6d09a67d0199d208f07643be8bc62cac78f0381d78d50dc8fd1bbde976eac
scaffold_report,report_quarto.R,TRUE,report_quarto,scaffold_report,diverged,7e3531c364b271554e00fb76b69a30fa937568700dadf8e886b4ba207a26a360
example_report,report_quarto.R,TRUE,report_quarto,example_report,diverged,4731551680662935e81ae6c67332a79f6d9bb9fe35124d89fbf6cbdebbefed7d
nice_max,scales.R,TRUE,scales,nice_max,ported,8368b450307366221340a007d435f669a54becb0bc03c691b0f6928b97f1d752
scale_y_pct,scales.R,TRUE,scales,scale_y_pct,ported,70e619f45f911301efd45a2f4f488952edad74a8456e6ed038857fca3417ab4e
label_pct,scales.R,TRUE,scales,label_pct,ported,bab41855616f6cb0668cc6b344de3424caa906c57610a558edd442c92990e8dc
theme_ezrsurvey,theme.R,TRUE,theme,theme_ezrsurvey,diverged,110679241d95f23bee1da23684512992292f3872933203ea0f15fed0cf61b2bf
.brand_font_notified,theme.R,FALSE,theme,NOTIFIED_FONTS,ported,b8c4f390512090d73e11f9a379b34d661b2e32fdbf95ee71479885094558b8d9
resolve_brand_family,theme.R,FALSE,theme,resolve_brand_family,ported,b5d03f5675092147d0da913f388b04eb52ff08e0b1b346ddf5d52058a6343145
notify_brand_font,theme.R,FALSE,theme,notify_brand_font,ported,acf3821fc6f7d11324cd19be062c9c3b90a425566dfb5522aa2ccaaf5c457546
.ezrsurvey_grid,theme.R,FALSE,theme,ezrsurvey_grid,ported,ea7c4401674bfd261ab36c2245bec37fe0f74b44d49690dce4bb5f52d5982eb0
theme_ezrsurvey_x,theme.R,TRUE,theme,theme_ezrsurvey_x,ported,8f97d31bc020b4d51e50ab8c58fa3ae48af35fbb79ecab0916fb8340a057b05c
theme_ezrsurvey_y,theme.R,TRUE,theme,theme_ezrsurvey_y,ported,907f95562f55557e83b6f20de084170f48acae4eb1efbf5da6d7725b93187b22
theme_ezrsurvey_xy,theme.R,TRUE,theme,theme_ezrsurvey_xy,ported,8f60ab7528c39624c1582fc0e70b365abfc798e334d23e391419e411523cd3ea
theme_transparent,theme.R,TRUE,theme,theme_transparent,ported,a46c586204c3d8fcdb1dcffa8445bad9910961fa2e9e721ac591adfc36736a6e
ensure_numeric,utils-coerce.R,TRUE,coerce,ensure_numeric,ported,3d5371baaae73e8e74537a0766d9b19b03d7bdf6d79ae6f9b18994ffc3b1b927
.ezrsurvey_active,weights.R,FALSE,weights,ACTIVE,ported,827fa7228f2b3070dfea59e1f527fb876d9bc7aedb3e817b4001513d87dde018
normalize_targets,weights.R,FALSE,weights,normalize_targets,ported,cc6effc05928c9c225168204bb8abc22530184a2eccc78a9f3fbd444415e04f5
parse_one_spec,weights.R,FALSE,weights,parse_one_spec,ported,ba7666472349436750939c4af84a2c5af0e48ec7c787aa3c487a95ef6caad6ba
parse_weight_spec,weights.R,FALSE,weights,parse_weight_spec,ported,476273ce4a95ccecf41cdc479b177dfbd50cbb152d14e091e140d4a6ee7da05f
weight_diagnostics,weights.R,FALSE,weights,weight_diagnostics,ported,2f9085c727bd3858243da6e5a01e3e60392f089fa021c13c09270ac5fff4e899
.ezrsurvey_weight_cache,weights.R,FALSE,weights,WEIGHT_CACHE,ported,e14f472bd76e1eb424edc02ffb3195c84fdd0a63d3484de95bb2113d718bb23a
weight_cache_key,weights.R,FALSE,weights,weight_cache_key,ported,b984e95da39d3534046f34206f716ad04acba8a197b8130f8c0c0c63e5a33e43
compute_weights,weights.R,FALSE,weights,compute_weights,ported,4c212a72006df687d7072f3a04f4536f8d13c79611f61a4f9df10620c3534db8
rake_weights,weights.R,FALSE,weights,rake_weights,ported,55e23c8b37497550ee67cd32247f91710ad230b6d4a8fbf82f8eccd4d1b7a634
resolve_weights,weights.R,FALSE,weights,resolve_weights,ported,b7781204905f0d2b78b0db71d2fdfb92911082e34218cda138e595aee55f2e00
set_weights,weights.R,TRUE,weights,set_weights,ported,b0e756887649cce11fb1339be9e21910cb57000e3d19285e841061d635a2d104
get_weights,weights.R,TRUE,weights,get_weights,ported,d4fb01b6b305401771c90c43858cc3834a726ea0a55d54f2e54da5d78d3a8fec
has_weights,weights.R,TRUE,weights,has_weights,ported,daaa9fb799f5d901c17d9ec047dc016f3277b345b84818b89483e834cd803b02
clear_weights,weights.R,TRUE,weights,clear_weights,ported,6b0a3d4d42a4dca1dfae2a74d943980f312d29a6a5047bdfacfb46d008378a88
clear_weights_cache,weights.R,TRUE,weights,clear_weights_cache,ported,99660016cf7ab7e73b92c50253e21139685cc9087e8b17e1c830e3dc69f06ec2
weight_vector,weights.R,TRUE,weights,weight_vector,ported,c801b15ea4c9a1eea542fc8c3318bcb97f95dce49e6290040cd4bb5bd411ac4b
wtd_median,weights.R,FALSE,weights,wtd_median,ported,a392e2bf64d55b26570a9ecc8bbda01cc41d8cc03acf1da9fcff831201d9b305
wtd_sd,weights.R,FALSE,weights,wtd_sd,ported,10bde4d0d80c9f370c8d3606ea428cad22ee9e9a35be8d81a8019d5830f20997
.onLoad,zzz.R,FALSE,,,diverged,8024d5e8325d6153f2439e2dd035b9a1b7a55b566ee5830d353da0efb2b8cabb
